timestamp_iso,video_url,video_title,concurrent_viewers,raw_counter_text
2026-03-13T16:35:47.740276,https://www.youtube.com/watch?v=juUt-rN5CVo,Santuário Nacional AO VIVO - Você em constante Oração na Casa da Mãe - YouTube,502,502 assistindo agora (page_source)
2026-03-13T16:35:47.740276,https://www.youtube.com/watch?v=4CAmwaFJo6k,TV Aparecida - AO VIVO - YouTube,1674,1.674 assistindo agora (page_source)
2026-03-13T16:38:48.332630,https://www.youtube.com/watch?v=juUt-rN5CVo,Santuário Nacional AO VIVO - Você em constante Oração na Casa da Mãe - YouTube,497,497 assistindo agora (page_source)
2026-03-13T16:38:48.332630,https://www.youtube.com/watch?v=4CAmwaFJo6k,TV Aparecida - AO VIVO - YouTube,1682,1.682 assistindo agora (page_source)
2026-03-13T16:41:47.381560,https://www.youtube.com/watch?v=juUt-rN5CVo,Santuário Nacional AO VIVO - Você em constante Oração na Casa da Mãe - YouTube,499,499 assistindo agora (page_source)
2026-03-13T16:41:47.381560,https://www.youtube.com/watch?v=4CAmwaFJo6k,TV Aparecida - AO VIVO - YouTube,1701,1.701 assistindo agora (page_source)
2026-03-13T16:44:49.254756,https://www.youtube.com/watch?v=juUt-rN5CVo,Santuário Nacional AO VIVO - Você em constante Oração na Casa da Mãe - YouTube,490,490 assistindo agora (page_source)
2026-03-13T16:44:49.254756,https://www.youtube.com/watch?v=4CAmwaFJo6k,TV Aparecida - AO VIVO - YouTube,1722,1.722 assistindo agora (page_source)
2026-03-13T16:47:48.846213,https://www.youtube.com/watch?v=juUt-rN5CVo,Santuário Nacional AO VIVO - Você em constante Oração na Casa da Mãe - YouTube,486,486 assistindo agora (page_source)
2026-03-13T16:47:48.846213,https://www.youtube.com/watch?v=4CAmwaFJo6k,TV Aparecida - AO VIVO - YouTube,1737,1.737 assistindo agora (page_source)
2026-03-13T16:50:49.476132,https://www.youtube.com/watch?v=juUt-rN5CVo,Santuário Nacional AO VIVO - Você em constante Oração na Casa da Mãe - YouTube,487,487 assistindo agora (page_source)
2026-03-13T16:50:49.476132,https://www.youtube.com/watch?v=4CAmwaFJo6k,TV Aparecida - AO VIVO - YouTube,1738,1.738 assistindo agora (page_source)
2026-03-13T16:53:48.993357,https://www.youtube.com/watch?v=juUt-rN5CVo,Santuário Nacional AO VIVO - Você em constante Oração na Casa da Mãe - YouTube,489,489 assistindo agora (page_source)
2026-03-13T16:53:48.993357,https://www.youtube.com/watch?v=4CAmwaFJo6k,TV Aparecida - AO VIVO - YouTube,1788,1.788 assistindo agora (page_source)
2026-03-13T16:56:48.056415,https://www.youtube.com/watch?v=juUt-rN5CVo,Santuário Nacional AO VIVO - Você em constante Oração na Casa da Mãe - YouTube,492,492 assistindo agora (page_source)
2026-03-13T16:56:48.056415,https://www.youtube.com/watch?v=4CAmwaFJo6k,TV Aparecida - AO VIVO - YouTube,1807,1.807 assistindo agora (page_source)
2026-03-13T16:59:48.581168,https://www.youtube.com/watch?v=juUt-rN5CVo,Santuário Nacional AO VIVO - Você em constante Oração na Casa da Mãe - YouTube,485,485 assistindo agora (page_source)
2026-03-13T16:59:48.581168,https://www.youtube.com/watch?v=4CAmwaFJo6k,TV Aparecida - AO VIVO - YouTube,1812,1.812 assistindo agora (page_source)
2026-03-13T17:02:48.057461,https://www.youtube.com/watch?v=juUt-rN5CVo,Santuário Nacional AO VIVO - Você em constante Oração na Casa da Mãe - YouTube,490,490 assistindo agora (page_source)
2026-03-13T17:02:48.057461,https://www.youtube.com/watch?v=4CAmwaFJo6k,TV Aparecida - AO VIVO - YouTube,1852,1.852 assistindo agora (page_source)
2026-03-13T17:05:48.076781,https://www.youtube.com/watch?v=juUt-rN5CVo,Santuário Nacional AO VIVO - Você em constante Oração na Casa da Mãe - YouTube,487,487 assistindo agora (page_source)
2026-03-13T17:05:48.076781,https://www.youtube.com/watch?v=4CAmwaFJo6k,TV Aparecida - AO VIVO - YouTube,1898,1.898 assistindo agora (page_source)
2026-03-13T17:08:48.714635,https://www.youtube.com/watch?v=juUt-rN5CVo,Santuário Nacional AO VIVO - Você em constante Oração na Casa da Mãe - YouTube,487,487 assistindo agora (page_source)
2026-03-13T17:08:48.714635,https://www.youtube.com/watch?v=4CAmwaFJo6k,TV Aparecida - AO VIVO - YouTube,1942,1.942 assistindo agora (page_source)
2026-03-13T17:11:49.536518,https://www.youtube.com/watch?v=juUt-rN5CVo,Santuário Nacional AO VIVO - Você em constante Oração na Casa da Mãe - YouTube,498,498 assistindo agora (page_source)
2026-03-13T17:11:49.536518,https://www.youtube.com/watch?v=4CAmwaFJo6k,TV Aparecida - AO VIVO - YouTube,2000,2.000 assistindo agora (page_source)
2026-03-13T17:14:49.070776,https://www.youtube.com/watch?v=juUt-rN5CVo,Santuário Nacional AO VIVO - Você em constante Oração na Casa da Mãe - YouTube,489,489 assistindo agora (page_source)
2026-03-13T17:14:49.070776,https://www.youtube.com/watch?v=4CAmwaFJo6k,TV Aparecida - AO VIVO - YouTube,2080,2.080 assistindo agora (page_source)
2026-03-13T17:17:48.196265,https://www.youtube.com/watch?v=juUt-rN5CVo,Santuário Nacional AO VIVO - Você em constante Oração na Casa da Mãe - YouTube,494,494 assistindo agora (page_source)
2026-03-13T17:17:48.196265,https://www.youtube.com/watch?v=4CAmwaFJo6k,TV Aparecida - AO VIVO - YouTube,2132,2.132 assistindo agora (page_source)
2026-03-13T17:20:48.340676,https://www.youtube.com/watch?v=juUt-rN5CVo,Santuário Nacional AO VIVO - Você em constante Oração na Casa da Mãe - YouTube,513,513 assistindo agora (page_source)
2026-03-13T17:20:48.340676,https://www.youtube.com/watch?v=4CAmwaFJo6k,TV Aparecida - AO VIVO - YouTube,2164,2.164 assistindo agora (page_source)
2026-03-13T17:23:48.268839,https://www.youtube.com/watch?v=juUt-rN5CVo,Santuário Nacional AO VIVO - Você em constante Oração na Casa da Mãe - YouTube,520,520 assistindo agora (page_source)
2026-03-13T17:23:48.268839,https://www.youtube.com/watch?v=4CAmwaFJo6k,TV Aparecida - AO VIVO - YouTube,2224,2.224 assistindo agora (page_source)
2026-03-13T17:26:48.058523,https://www.youtube.com/watch?v=juUt-rN5CVo,Santuário Nacional AO VIVO - Você em constante Oração na Casa da Mãe - YouTube,535,535 assistindo agora (page_source)
2026-03-13T17:26:48.058523,https://www.youtube.com/watch?v=4CAmwaFJo6k,TV Aparecida - AO VIVO - YouTube,2318,2.318 assistindo agora (page_source)
2026-03-13T17:29:48.123336,https://www.youtube.com/watch?v=juUt-rN5CVo,Santuário Nacional AO VIVO - Você em constante Oração na Casa da Mãe - YouTube,576,576 assistindo agora (page_source)
2026-03-13T17:29:48.123336,https://www.youtube.com/watch?v=4CAmwaFJo6k,TV Aparecida - AO VIVO - YouTube,2389,2.389 assistindo agora (page_source)
2026-03-13T17:32:47.925856,https://www.youtube.com/watch?v=juUt-rN5CVo,Santuário Nacional AO VIVO - Você em constante Oração na Casa da Mãe - YouTube,595,595 assistindo agora (page_source)
2026-03-13T17:32:47.925856,https://www.youtube.com/watch?v=4CAmwaFJo6k,TV Aparecida - AO VIVO - YouTube,2467,2.467 assistindo agora (page_source)
2026-03-13T17:35:48.048868,https://www.youtube.com/watch?v=juUt-rN5CVo,Santuário Nacional AO VIVO - Você em constante Oração na Casa da Mãe - YouTube,627,627 assistindo agora (page_source)
2026-03-13T17:35:48.048868,https://www.youtube.com/watch?v=4CAmwaFJo6k,TV Aparecida - AO VIVO - YouTube,2651,2.651 assistindo agora (page_source)
2026-03-13T17:38:47.990040,https://www.youtube.com/watch?v=juUt-rN5CVo,Santuário Nacional AO VIVO - Você em constante Oração na Casa da Mãe - YouTube,663,663 assistindo agora (page_source)
2026-03-13T17:38:47.990040,https://www.youtube.com/watch?v=4CAmwaFJo6k,TV Aparecida - AO VIVO - YouTube,2828,2.828 assistindo agora (page_source)
2026-03-13T17:41:48.392109,https://www.youtube.com/watch?v=juUt-rN5CVo,www.youtube.com,,
2026-03-13T17:41:48.392109,https://www.youtube.com/watch?v=4CAmwaFJo6k,TV Aparecida - AO VIVO - YouTube,3158,3.158 assistindo agora (page_source)
2026-03-13T17:44:47.917828,https://www.youtube.com/watch?v=juUt-rN5CVo,Santuário Nacional AO VIVO - Você em constante Oração na Casa da Mãe - YouTube,772,772 assistindo agora (page_source)
2026-03-13T17:44:47.917828,https://www.youtube.com/watch?v=4CAmwaFJo6k,TV Aparecida - AO VIVO - YouTube,3362,3.362 assistindo agora (page_source)
2026-03-13T17:47:48.229249,https://www.youtube.com/watch?v=juUt-rN5CVo,Santuário Nacional AO VIVO - Você em constante Oração na Casa da Mãe - YouTube,871,871 assistindo agora (page_source)
2026-03-13T17:47:48.229249,https://www.youtube.com/watch?v=4CAmwaFJo6k,TV Aparecida - AO VIVO - YouTube,3794,3.794 assistindo agora (page_source)
2026-03-13T17:50:48.184627,https://www.youtube.com/watch?v=juUt-rN5CVo,Santuário Nacional AO VIVO - Você em constante Oração na Casa da Mãe - YouTube,1014,1.014 assistindo agora (page_source)
2026-03-13T17:50:48.184627,https://www.youtube.com/watch?v=4CAmwaFJo6k,TV Aparecida - AO VIVO - YouTube,4317,4.317 assistindo agora (page_source)
2026-03-13T17:53:48.280170,https://www.youtube.com/watch?v=juUt-rN5CVo,Santuário Nacional AO VIVO - Você em constante Oração na Casa da Mãe - YouTube,1198,1.198 assistindo agora (page_source)
2026-03-13T17:53:48.280170,https://www.youtube.com/watch?v=4CAmwaFJo6k,TV Aparecida - AO VIVO - YouTube,5112,5.112 assistindo agora (page_source)
2026-03-13T17:56:48.336939,https://www.youtube.com/watch?v=juUt-rN5CVo,Santuário Nacional AO VIVO - Você em constante Oração na Casa da Mãe - YouTube,1513,1.513 assistindo agora (page_source)
2026-03-13T17:56:48.336939,https://www.youtube.com/watch?v=4CAmwaFJo6k,TV Aparecida - AO VIVO - YouTube,6137,6.137 assistindo agora (page_source)
2026-03-13T17:59:47.642620,https://www.youtube.com/watch?v=juUt-rN5CVo,Santuário Nacional AO VIVO - Você em constante Oração na Casa da Mãe - YouTube,2000,2.000 assistindo agora (page_source)
2026-03-13T17:59:47.642620,https://www.youtube.com/watch?v=4CAmwaFJo6k,TV Aparecida - AO VIVO - YouTube,7618,7.618 assistindo agora (page_source)
2026-03-13T18:02:47.908322,https://www.youtube.com/watch?v=juUt-rN5CVo,Santuário Nacional AO VIVO - Você em constante Oração na Casa da Mãe - YouTube,2777,2.777 assistindo agora (page_source)
2026-03-13T18:02:47.908322,https://www.youtube.com/watch?v=4CAmwaFJo6k,TV Aparecida - AO VIVO - YouTube,9474,9.474 assistindo agora (page_source)
2026-03-13T18:05:47.951025,https://www.youtube.com/watch?v=juUt-rN5CVo,Santuário Nacional AO VIVO - Você em constante Oração na Casa da Mãe - YouTube,3361,3.361 assistindo agora (page_source)
2026-03-13T18:05:47.951025,https://www.youtube.com/watch?v=4CAmwaFJo6k,TV Aparecida - AO VIVO - YouTube,11032,11.032 assistindo agora (page_source)
2026-03-13T18:08:48.047887,https://www.youtube.com/watch?v=juUt-rN5CVo,Santuário Nacional AO VIVO - Você em constante Oração na Casa da Mãe - YouTube,3830,3.830 assistindo agora (page_source)
2026-03-13T18:08:48.047887,https://www.youtube.com/watch?v=4CAmwaFJo6k,TV Aparecida - AO VIVO - YouTube,12264,12.264 assistindo agora (page_source)
2026-03-13T18:11:47.852569,https://www.youtube.com/watch?v=juUt-rN5CVo,Santuário Nacional AO VIVO - Você em constante Oração na Casa da Mãe - YouTube,4219,4.219 assistindo agora (page_source)
2026-03-13T18:11:47.852569,https://www.youtube.com/watch?v=4CAmwaFJo6k,TV Aparecida - AO VIVO - YouTube,13204,13.204 assistindo agora (page_source)
2026-03-13T18:14:47.979191,https://www.youtube.com/watch?v=juUt-rN5CVo,Santuário Nacional AO VIVO - Você em constante Oração na Casa da Mãe - YouTube,4554,4.554 assistindo agora (page_source)
2026-03-13T18:14:47.979191,https://www.youtube.com/watch?v=4CAmwaFJo6k,TV Aparecida - AO VIVO - YouTube,13985,13.985 assistindo agora (page_source)
2026-03-13T18:17:47.389239,https://www.youtube.com/watch?v=juUt-rN5CVo,Santuário Nacional AO VIVO - Você em constante Oração na Casa da Mãe - YouTube,4796,4.796 assistindo agora (page_source)
2026-03-13T18:17:47.389239,https://www.youtube.com/watch?v=4CAmwaFJo6k,TV Aparecida - AO VIVO - YouTube,14672,14.672 assistindo agora (page_source)
2026-03-13T18:20:47.993853,https://www.youtube.com/watch?v=juUt-rN5CVo,Santuário Nacional AO VIVO - Você em constante Oração na Casa da Mãe - YouTube,5074,5.074 assistindo agora (page_source)
2026-03-13T18:20:47.993853,https://www.youtube.com/watch?v=4CAmwaFJo6k,TV Aparecida - AO VIVO - YouTube,15288,15.288 assistindo agora (page_source)
2026-03-13T18:23:48.285380,https://www.youtube.com/watch?v=juUt-rN5CVo,www.youtube.com,,
2026-03-13T18:23:48.285380,https://www.youtube.com/watch?v=4CAmwaFJo6k,www.youtube.com,,
2026-03-13T18:29:47.571159,https://www.youtube.com/watch?v=juUt-rN5CVo,www.youtube.com,,
2026-03-13T18:29:47.571159,https://www.youtube.com/watch?v=4CAmwaFJo6k,www.youtube.com,,
2026-03-13T18:40:48.202951,https://www.youtube.com/watch?v=juUt-rN5CVo,www.youtube.com,,
2026-03-13T18:40:48.202951,https://www.youtube.com/watch?v=4CAmwaFJo6k,www.youtube.com,,
2026-03-13T18:49:48.793324,https://www.youtube.com/watch?v=juUt-rN5CVo,www.youtube.com,,
2026-03-13T18:49:48.793324,https://www.youtube.com/watch?v=4CAmwaFJo6k,www.youtube.com,,
2026-03-13T18:58:49.261928,https://www.youtube.com/watch?v=juUt-rN5CVo,www.youtube.com,,
2026-03-13T18:58:49.261928,https://www.youtube.com/watch?v=4CAmwaFJo6k,www.youtube.com,,
2026-03-13T19:10:48.774969,https://www.youtube.com/watch?v=juUt-rN5CVo,www.youtube.com,,
2026-03-13T19:10:48.774969,https://www.youtube.com/watch?v=4CAmwaFJo6k,www.youtube.com,,
2026-03-13T19:19:49.542679,https://www.youtube.com/watch?v=juUt-rN5CVo,www.youtube.com,,
2026-03-13T19:19:49.542679,https://www.youtube.com/watch?v=4CAmwaFJo6k,www.youtube.com,,
2026-03-13T19:28:48.798270,https://www.youtube.com/watch?v=juUt-rN5CVo,www.youtube.com,,
2026-03-13T19:28:48.798270,https://www.youtube.com/watch?v=4CAmwaFJo6k,www.youtube.com,,
2026-03-13T19:37:49.421909,https://www.youtube.com/watch?v=juUt-rN5CVo,www.youtube.com,,
2026-03-13T19:37:49.421909,https://www.youtube.com/watch?v=4CAmwaFJo6k,www.youtube.com,,
2026-03-13T19:46:49.318868,https://www.youtube.com/watch?v=juUt-rN5CVo,www.youtube.com,,
2026-03-13T19:46:49.318868,https://www.youtube.com/watch?v=4CAmwaFJo6k,www.youtube.com,,
2026-03-13T19:55:49.186920,https://www.youtube.com/watch?v=juUt-rN5CVo,www.youtube.com,,
2026-03-13T19:55:49.186920,https://www.youtube.com/watch?v=4CAmwaFJo6k,www.youtube.com,,
2026-03-13T20:07:48.394896,https://www.youtube.com/watch?v=juUt-rN5CVo,www.youtube.com,,
2026-03-13T20:07:48.394896,https://www.youtube.com/watch?v=4CAmwaFJo6k,www.youtube.com,,
2026-03-13T20:16:49.371317,https://www.youtube.com/watch?v=juUt-rN5CVo,www.youtube.com,,
2026-03-13T20:16:49.371317,https://www.youtube.com/watch?v=4CAmwaFJo6k,www.youtube.com,,
2026-03-13T20:25:49.410038,https://www.youtube.com/watch?v=juUt-rN5CVo,www.youtube.com,,
2026-03-13T20:25:49.410038,https://www.youtube.com/watch?v=4CAmwaFJo6k,www.youtube.com,,
2026-03-13T20:34:49.400267,https://www.youtube.com/watch?v=juUt-rN5CVo,www.youtube.com,,
2026-03-13T20:34:49.400267,https://www.youtube.com/watch?v=4CAmwaFJo6k,www.youtube.com,,
2026-03-13T20:43:49.260582,https://www.youtube.com/watch?v=juUt-rN5CVo,www.youtube.com,,
2026-03-13T20:43:49.260582,https://www.youtube.com/watch?v=4CAmwaFJo6k,www.youtube.com,,
2026-03-13T20:52:49.154389,https://www.youtube.com/watch?v=juUt-rN5CVo,www.youtube.com,,
2026-03-13T20:52:49.154389,https://www.youtube.com/watch?v=4CAmwaFJo6k,www.youtube.com,,
2026-03-13T21:01:49.425757,https://www.youtube.com/watch?v=juUt-rN5CVo,www.youtube.com,,
2026-03-13T21:01:49.425757,https://www.youtube.com/watch?v=4CAmwaFJo6k,www.youtube.com,,
2026-03-13T21:10:49.608706,https://www.youtube.com/watch?v=juUt-rN5CVo,www.youtube.com,,
2026-03-13T21:10:49.608706,https://www.youtube.com/watch?v=4CAmwaFJo6k,www.youtube.com,,
2026-03-13T21:19:49.164646,https://www.youtube.com/watch?v=juUt-rN5CVo,www.youtube.com,,
2026-03-13T21:19:49.164646,https://www.youtube.com/watch?v=4CAmwaFJo6k,www.youtube.com,,
2026-03-13T21:28:49.132194,https://www.youtube.com/watch?v=juUt-rN5CVo,www.youtube.com,,
2026-03-13T21:28:49.132194,https://www.youtube.com/watch?v=4CAmwaFJo6k,www.youtube.com,,
2026-03-13T21:37:48.683815,https://www.youtube.com/watch?v=juUt-rN5CVo,www.youtube.com,,
2026-03-13T21:37:48.683815,https://www.youtube.com/watch?v=4CAmwaFJo6k,www.youtube.com,,
2026-03-13T21:46:49.170871,https://www.youtube.com/watch?v=juUt-rN5CVo,www.youtube.com,,
2026-03-13T21:46:49.170871,https://www.youtube.com/watch?v=4CAmwaFJo6k,www.youtube.com,,
2026-03-13T21:55:48.370093,https://www.youtube.com/watch?v=juUt-rN5CVo,www.youtube.com,,
2026-03-13T21:55:48.370093,https://www.youtube.com/watch?v=4CAmwaFJo6k,www.youtube.com,,
2026-03-13T22:04:49.543559,https://www.youtube.com/watch?v=juUt-rN5CVo,www.youtube.com,,
2026-03-13T22:04:49.543559,https://www.youtube.com/watch?v=4CAmwaFJo6k,www.youtube.com,,
2026-03-13T22:13:49.363228,https://www.youtube.com/watch?v=juUt-rN5CVo,www.youtube.com,,
2026-03-13T22:13:49.363228,https://www.youtube.com/watch?v=4CAmwaFJo6k,www.youtube.com,,
2026-03-13T22:22:48.908255,https://www.youtube.com/watch?v=juUt-rN5CVo,www.youtube.com,,
2026-03-13T22:22:48.908255,https://www.youtube.com/watch?v=4CAmwaFJo6k,www.youtube.com,,
2026-03-13T22:31:48.802602,https://www.youtube.com/watch?v=juUt-rN5CVo,www.youtube.com,,
2026-03-13T22:31:48.802602,https://www.youtube.com/watch?v=4CAmwaFJo6k,www.youtube.com,,
2026-03-13T22:40:49.183158,https://www.youtube.com/watch?v=juUt-rN5CVo,www.youtube.com,,
2026-03-13T22:40:49.183158,https://www.youtube.com/watch?v=4CAmwaFJo6k,www.youtube.com,,
2026-03-13T22:48:45.416961,https://www.youtube.com/watch?v=juUt-rN5CVo,Santuário Nacional AO VIVO - Você em constante Oração na Casa da Mãe - YouTube,197,197 assistindo agora (page_source)
2026-03-13T22:48:45.416961,https://www.youtube.com/watch?v=4CAmwaFJo6k,TV Aparecida - AO VIVO - YouTube,721,721 assistindo agora (page_source)
2026-03-13T22:50:48.517480,https://www.youtube.com/watch?v=juUt-rN5CVo,Santuário Nacional AO VIVO - Você em constante Oração na Casa da Mãe - YouTube,195,195 assistindo agora
2026-03-13T22:50:48.517480,https://www.youtube.com/watch?v=4CAmwaFJo6k,TV Aparecida - AO VIVO - YouTube,716,716 assistindo agora (page_source)
2026-03-13T22:53:49.431997,https://www.youtube.com/watch?v=juUt-rN5CVo,Santuário Nacional AO VIVO - Você em constante Oração na Casa da Mãe - YouTube,198,198 assistindo agora (page_source)
2026-03-13T22:53:49.431997,https://www.youtube.com/watch?v=4CAmwaFJo6k,TV Aparecida - AO VIVO - YouTube,696,696 assistindo agora (page_source)
2026-03-13T22:56:48.503664,https://www.youtube.com/watch?v=juUt-rN5CVo,Santuário Nacional AO VIVO - Você em constante Oração na Casa da Mãe - YouTube,192,192 assistindo agora (page_source)
2026-03-13T22:56:48.503664,https://www.youtube.com/watch?v=4CAmwaFJo6k,TV Aparecida - AO VIVO - YouTube,671,671 assistindo agora (page_source)
2026-03-13T22:59:49.108966,https://www.youtube.com/watch?v=juUt-rN5CVo,Santuário Nacional AO VIVO - Você em constante Oração na Casa da Mãe - YouTube,201,201 assistindo agora (page_source)
2026-03-13T22:59:49.108966,https://www.youtube.com/watch?v=4CAmwaFJo6k,TV Aparecida - AO VIVO - YouTube,652,652 assistindo agora (page_source)
2026-03-13T23:02:48.836926,https://www.youtube.com/watch?v=juUt-rN5CVo,Santuário Nacional AO VIVO - Você em constante Oração na Casa da Mãe - YouTube,201,201 assistindo agora (page_source)
2026-03-13T23:02:48.836926,https://www.youtube.com/watch?v=4CAmwaFJo6k,TV Aparecida - AO VIVO - YouTube,636,636 assistindo agora (page_source)
2026-03-13T23:05:50.866315,https://www.youtube.com/watch?v=juUt-rN5CVo,Santuário Nacional AO VIVO - Você em constante Oração na Casa da Mãe - YouTube,198,198 assistindo agora (page_source)
2026-03-13T23:05:50.866315,https://www.youtube.com/watch?v=4CAmwaFJo6k,TV Aparecida - AO VIVO - YouTube,619,619 assistindo agora (page_source)
2026-03-13T23:08:48.611601,https://www.youtube.com/watch?v=juUt-rN5CVo,Santuário Nacional AO VIVO - Você em constante Oração na Casa da Mãe - YouTube,190,190 assistindo agora (page_source)
2026-03-13T23:08:48.611601,https://www.youtube.com/watch?v=4CAmwaFJo6k,TV Aparecida - AO VIVO - YouTube,613,613 assistindo agora (page_source)
2026-03-13T23:11:48.249909,https://www.youtube.com/watch?v=juUt-rN5CVo,Santuário Nacional AO VIVO - Você em constante Oração na Casa da Mãe - YouTube,190,190 assistindo agora (page_source)
2026-03-13T23:11:48.249909,https://www.youtube.com/watch?v=4CAmwaFJo6k,TV Aparecida - AO VIVO - YouTube,598,598 assistindo agora (page_source)
2026-03-13T23:14:48.908259,https://www.youtube.com/watch?v=juUt-rN5CVo,Santuário Nacional AO VIVO - Você em constante Oração na Casa da Mãe - YouTube,188,188 assistindo agora (page_source)
2026-03-13T23:14:48.908259,https://www.youtube.com/watch?v=4CAmwaFJo6k,TV Aparecida - AO VIVO - YouTube,582,582 assistindo agora (page_source)
2026-03-13T23:17:49.540923,https://www.youtube.com/watch?v=juUt-rN5CVo,Santuário Nacional AO VIVO - Você em constante Oração na Casa da Mãe - YouTube,186,186 assistindo agora (page_source)
2026-03-13T23:17:49.540923,https://www.youtube.com/watch?v=4CAmwaFJo6k,TV Aparecida - AO VIVO - YouTube,559,559 assistindo agora (page_source)
2026-03-13T23:20:48.285059,https://www.youtube.com/watch?v=juUt-rN5CVo,Santuário Nacional AO VIVO - Você em constante Oração na Casa da Mãe - YouTube,186,186 assistindo agora (page_source)
2026-03-13T23:20:48.285059,https://www.youtube.com/watch?v=4CAmwaFJo6k,TV Aparecida - AO VIVO - YouTube,542,542 assistindo agora (page_source)
2026-03-13T23:23:48.159471,https://www.youtube.com/watch?v=juUt-rN5CVo,Santuário Nacional AO VIVO - Você em constante Oração na Casa da Mãe - YouTube,187,187 assistindo agora (page_source)
2026-03-13T23:23:48.159471,https://www.youtube.com/watch?v=4CAmwaFJo6k,TV Aparecida - AO VIVO - YouTube,532,532 assistindo agora (page_source)
2026-03-13T23:26:48.877987,https://www.youtube.com/watch?v=juUt-rN5CVo,Santuário Nacional AO VIVO - Você em constante Oração na Casa da Mãe - YouTube,189,189 assistindo agora (page_source)
2026-03-13T23:26:48.877987,https://www.youtube.com/watch?v=4CAmwaFJo6k,TV Aparecida - AO VIVO - YouTube,497,497 assistindo agora (page_source)
2026-03-13T23:29:48.492879,https://www.youtube.com/watch?v=juUt-rN5CVo,Santuário Nacional AO VIVO - Você em constante Oração na Casa da Mãe - YouTube,192,192 assistindo agora (page_source)
2026-03-13T23:29:48.492879,https://www.youtube.com/watch?v=4CAmwaFJo6k,TV Aparecida - AO VIVO - YouTube,491,491 assistindo agora (page_source)
2026-03-13T23:32:48.093740,https://www.youtube.com/watch?v=juUt-rN5CVo,Santuário Nacional AO VIVO - Você em constante Oração na Casa da Mãe - YouTube,189,189 assistindo agora
2026-03-13T23:32:48.093740,https://www.youtube.com/watch?v=4CAmwaFJo6k,TV Aparecida - AO VIVO - YouTube,486,486 assistindo agora (page_source)
2026-03-13T23:35:48.804368,https://www.youtube.com/watch?v=juUt-rN5CVo,Santuário Nacional AO VIVO - Você em constante Oração na Casa da Mãe - YouTube,188,188 assistindo agora
2026-03-13T23:35:48.804368,https://www.youtube.com/watch?v=4CAmwaFJo6k,TV Aparecida - AO VIVO - YouTube,479,479 assistindo agora (page_source)
2026-03-13T23:38:48.510345,https://www.youtube.com/watch?v=juUt-rN5CVo,Santuário Nacional AO VIVO - Você em constante Oração na Casa da Mãe - YouTube,181,181 assistindo agora
2026-03-13T23:38:48.510345,https://www.youtube.com/watch?v=4CAmwaFJo6k,TV Aparecida - AO VIVO - YouTube,465,465 assistindo agora (page_source)
2026-03-13T23:41:48.242882,https://www.youtube.com/watch?v=juUt-rN5CVo,Santuário Nacional AO VIVO - Você em constante Oração na Casa da Mãe - YouTube,189,189 assistindo agora
2026-03-13T23:41:48.242882,https://www.youtube.com/watch?v=4CAmwaFJo6k,TV Aparecida - AO VIVO - YouTube,461,461 assistindo agora (page_source)
2026-03-13T23:44:48.221693,https://www.youtube.com/watch?v=juUt-rN5CVo,www.youtube.com,,
2026-03-13T23:44:48.221693,https://www.youtube.com/watch?v=4CAmwaFJo6k,,,
2026-03-13T23:55:48.273091,https://www.youtube.com/watch?v=juUt-rN5CVo,www.youtube.com,,
2026-03-13T23:55:48.273091,https://www.youtube.com/watch?v=4CAmwaFJo6k,www.youtube.com,,
2026-03-14T00:04:49.281024,https://www.youtube.com/watch?v=juUt-rN5CVo,Santuário Nacional AO VIVO - Você em constante Oração na Casa da Mãe - YouTube,,
2026-03-14T00:04:49.281024,https://www.youtube.com/watch?v=4CAmwaFJo6k,TV Aparecida - AO VIVO - YouTube,410,410 assistindo agora (page_source)
2026-03-14T00:08:50.246622,https://www.youtube.com/watch?v=juUt-rN5CVo,Santuário Nacional AO VIVO - Você em constante Oração na Casa da Mãe - YouTube,185,185 assistindo agora (page_source)
2026-03-14T00:08:50.246622,https://www.youtube.com/watch?v=4CAmwaFJo6k,TV Aparecida - AO VIVO - YouTube,412,412 assistindo agora (page_source)
2026-03-14T00:11:48.945196,https://www.youtube.com/watch?v=juUt-rN5CVo,Santuário Nacional AO VIVO - Você em constante Oração na Casa da Mãe - YouTube,183,183 assistindo agora (page_source)
2026-03-14T00:11:48.945196,https://www.youtube.com/watch?v=4CAmwaFJo6k,TV Aparecida - AO VIVO - YouTube,410,410 assistindo agora (page_source)
2026-03-14T00:14:49.222838,https://www.youtube.com/watch?v=juUt-rN5CVo,Santuário Nacional AO VIVO - Você em constante Oração na Casa da Mãe - YouTube,186,186 assistindo agora (page_source)
2026-03-14T00:14:49.222838,https://www.youtube.com/watch?v=4CAmwaFJo6k,TV Aparecida - AO VIVO - YouTube,404,404 assistindo agora (page_source)
2026-03-14T00:17:49.304471,https://www.youtube.com/watch?v=juUt-rN5CVo,Santuário Nacional AO VIVO - Você em constante Oração na Casa da Mãe - YouTube,181,181 assistindo agora (page_source)
2026-03-14T00:17:49.304471,https://www.youtube.com/watch?v=4CAmwaFJo6k,TV Aparecida - AO VIVO - YouTube,404,404 assistindo agora (page_source)
2026-03-14T00:20:49.470317,https://www.youtube.com/watch?v=juUt-rN5CVo,Santuário Nacional AO VIVO - Você em constante Oração na Casa da Mãe - YouTube,178,178 assistindo agora (page_source)
2026-03-14T00:20:49.470317,https://www.youtube.com/watch?v=4CAmwaFJo6k,TV Aparecida - AO VIVO - YouTube,396,396 assistindo agora (page_source)
2026-03-14T00:23:49.194451,https://www.youtube.com/watch?v=juUt-rN5CVo,Santuário Nacional AO VIVO - Você em constante Oração na Casa da Mãe - YouTube,173,173 assistindo agora (page_source)
2026-03-14T00:23:49.194451,https://www.youtube.com/watch?v=4CAmwaFJo6k,TV Aparecida - AO VIVO - YouTube,392,392 assistindo agora (page_source)
2026-03-14T00:26:48.832139,https://www.youtube.com/watch?v=juUt-rN5CVo,Santuário Nacional AO VIVO - Você em constante Oração na Casa da Mãe - YouTube,171,171 assistindo agora (page_source)
2026-03-14T00:26:48.832139,https://www.youtube.com/watch?v=4CAmwaFJo6k,TV Aparecida - AO VIVO - YouTube,385,385 assistindo agora (page_source)
2026-03-14T00:29:48.756653,https://www.youtube.com/watch?v=juUt-rN5CVo,Santuário Nacional AO VIVO - Você em constante Oração na Casa da Mãe - YouTube,177,177 assistindo agora (page_source)
2026-03-14T00:29:48.756653,https://www.youtube.com/watch?v=4CAmwaFJo6k,TV Aparecida - AO VIVO - YouTube,338,338 assistindo agora (page_source)
2026-03-14T00:32:48.913063,https://www.youtube.com/watch?v=juUt-rN5CVo,Santuário Nacional AO VIVO - Você em constante Oração na Casa da Mãe - YouTube,177,177 assistindo agora (page_source)
2026-03-14T00:32:48.913063,https://www.youtube.com/watch?v=4CAmwaFJo6k,TV Aparecida - AO VIVO - YouTube,326,326 assistindo agora (page_source)
2026-03-14T00:35:49.290391,https://www.youtube.com/watch?v=juUt-rN5CVo,Santuário Nacional AO VIVO - Você em constante Oração na Casa da Mãe - YouTube,170,170 assistindo agora (page_source)
2026-03-14T00:35:49.290391,https://www.youtube.com/watch?v=4CAmwaFJo6k,TV Aparecida - AO VIVO - YouTube,316,316 assistindo agora (page_source)
2026-03-14T00:38:49.566134,https://www.youtube.com/watch?v=juUt-rN5CVo,Santuário Nacional AO VIVO - Você em constante Oração na Casa da Mãe - YouTube,169,169 assistindo agora (page_source)
2026-03-14T00:38:49.566134,https://www.youtube.com/watch?v=4CAmwaFJo6k,TV Aparecida - AO VIVO - YouTube,310,310 assistindo agora (page_source)
2026-03-14T00:41:49.066929,https://www.youtube.com/watch?v=juUt-rN5CVo,Santuário Nacional AO VIVO - Você em constante Oração na Casa da Mãe - YouTube,171,171 assistindo agora (page_source)
2026-03-14T00:41:49.066929,https://www.youtube.com/watch?v=4CAmwaFJo6k,TV Aparecida - AO VIVO - YouTube,307,307 assistindo agora (page_source)
2026-03-14T00:44:49.218188,https://www.youtube.com/watch?v=juUt-rN5CVo,Santuário Nacional AO VIVO - Você em constante Oração na Casa da Mãe - YouTube,174,174 assistindo agora (page_source)
2026-03-14T00:44:49.218188,https://www.youtube.com/watch?v=4CAmwaFJo6k,TV Aparecida - AO VIVO - YouTube,296,296 assistindo agora (page_source)
2026-03-14T00:45:43.284921,https://www.youtube.com/watch?v=juUt-rN5CVo,YouTube,171,171 assistindo agora (page_source)
2026-03-14T00:45:43.284921,https://www.youtube.com/watch?v=4CAmwaFJo6k,TV Aparecida - AO VIVO - YouTube,288,288 assistindo agora (page_source)
2026-03-14T00:47:50.748349,https://www.youtube.com/watch?v=juUt-rN5CVo,Santuário Nacional AO VIVO - Você em constante Oração na Casa da Mãe - YouTube,175,175 assistindo agora
2026-03-14T00:47:50.748349,https://www.youtube.com/watch?v=4CAmwaFJo6k,TV Aparecida - AO VIVO - YouTube,288,288 assistindo agora (page_source)
2026-03-14T00:50:48.942398,https://www.youtube.com/watch?v=juUt-rN5CVo,Santuário Nacional AO VIVO - Você em constante Oração na Casa da Mãe - YouTube,168,168 assistindo agora (page_source)
2026-03-14T00:50:48.942398,https://www.youtube.com/watch?v=4CAmwaFJo6k,TV Aparecida - AO VIVO - YouTube,289,289 assistindo agora (page_source)
2026-03-14T00:53:49.867801,https://www.youtube.com/watch?v=juUt-rN5CVo,Santuário Nacional AO VIVO - Você em constante Oração na Casa da Mãe - YouTube,173,173 assistindo agora (page_source)
2026-03-14T00:53:49.867801,https://www.youtube.com/watch?v=4CAmwaFJo6k,TV Aparecida - AO VIVO - YouTube,281,281 assistindo agora (page_source)
2026-03-14T00:56:51.123217,https://www.youtube.com/watch?v=juUt-rN5CVo,Santuário Nacional AO VIVO - Você em constante Oração na Casa da Mãe - YouTube,174,174 assistindo agora (page_source)
2026-03-14T00:56:51.123217,https://www.youtube.com/watch?v=4CAmwaFJo6k,TV Aparecida - AO VIVO - YouTube,276,276 assistindo agora (page_source)
2026-03-14T00:59:48.512438,https://www.youtube.com/watch?v=juUt-rN5CVo,Santuário Nacional AO VIVO - Você em constante Oração na Casa da Mãe - YouTube,174,174 assistindo agora (page_source)
2026-03-14T00:59:48.512438,https://www.youtube.com/watch?v=4CAmwaFJo6k,TV Aparecida - AO VIVO - YouTube,272,272 assistindo agora (page_source)
